<mod name="OriginalSkills">
	<AssetUpdates id="33203" version="2" provider="modworkshop" install_directory = "mods/" version_is_number="false"/>
	<Hooks directory="lua">
	
		<!-- that do be a lot of skills doe -->
	    <hook source_file="lib/tweak_data/skilltreetweakdata" 						file="skills.lua"/>
        <hook source_file="lib/tweak_data/upgradestweakdata"						file="skills.lua"/>
		<hook source_file="lib/tweak_data/playertweakdata"							file="skills.lua"/>
		<hook source_file="lib/tweak_data/missiondoortweakdata"						file="skills.lua"/>
		<hook source_file="lib/tweak_data/interactiontweakdata" 					file="skills.lua"/>
        <hook source_file="lib/tweak_data/equipmentstweakdata" 						file="skills.lua"/>
		<hook source_file="lib/managers/playermanager"								file="skills.lua"/>
        <hook source_file="lib/units/enemies/cop/copdamage" 						file="skills.lua"/>
		<hook source_file="lib/units/beings/player/playerdamage"					file="skills.lua"/>
		<hook source_file="lib/managers/menu/skilltreegui"							file="skills.lua"/>
        <hook source_file="lib/managers/skilltreemanager" 							file="skills.lua"/>
        <hook source_file="lib/managers/menu/playerinventorygui" 					file="skills.lua"/>
        <hook source_file="lib/managers/menu/menucomponentmanager" 					file="skills.lua"/>
        <hook source_file="lib/managers/menumanagerdialogs" 						file="skills.lua"/>
		<hook source_file="lib/managers/group_ai_states/groupaistatebase"			file="skills.lua"/>
		
		
		<!-- unique-ish weapons, ahoy! -->
		<hook source_file="lib/tweak_data/weapontweakdata"							file="weapons.lua"/>
		<hook source_file="lib/tweak_data/weaponfactorytweakdata"					file="weapons.lua"/>
		<hook source_file="lib/tweak_data/blackmarket/meleeweaponstweakdata"		file="weapons.lua"/>
		<hook source_file="lib/tweak_data/blackmarket/projectilestweakdata"			file="weapons.lua"/>
		<hook source_file="lib/tweak_data/tweakdata"								file="weapons.lua"/>
		<hook source_file="lib/units/weapons/raycastweaponbase"						file="weapons.lua"/>
		<hook source_file="lib/units/weapons/newraycastweaponbase"					file="weapons.lua"/>
		<hook source_file="lib/utils/inventorydescription"							file="weapons.lua"/>
		
		<!-- dmg tables for enemies to help you survive as an client and have a chance against the bad boys -->
		<hook source_file="lib/tweak_data/weapontweakdata"							file="enemydmg.lua"/>
		<hook source_file="lib/tweak_data/charactertweakdata"						file="enemytweakdata.lua"/>
		
		<!-- these two difficulties had screwed up health pools, hopefully they are fixed now -->
		<hook source_file="lib/tweak_data/charactertweakdata"						file="mayhempatch.lua"/>
		
		<!-- you might be able to play one down with this thing, since i just copied DW enemy hp pools to this -->
		<hook source_file="lib/tweak_data/charactertweakdata"						file="onedownpatch.lua"/>
		
								<!-- REMOVE THIS PART IF YOU DON'T WANT A SEPERATE SAVE FILE -->
		<hook source_file="lib/managers/savefilemanager"							file="savefile.lua"/> 
		<!-- IT WILL RESET ALL OF YOUR SKILLTREES AND PERKS IN MAIN SAVE OTHERWISE AND FUCK UP YOUR PERK POINTS AS WELL -->
		
	</Hooks>
	</AddFiles>
</mod>